[
  {
    "name": "Cobra Rising",
    "id": "909000075",
    "image": "909000075.png"
  },
  {
    "name": "Ak Max",
    "id": "909000063",
    "image": "909000063.png"
  },
  {
    "name": "Shotgun Max",
    "id": "909035007",
    "image": "909035007.png"
  },
  {
    "name": "Scar Max",
    "id": "909000068",
    "image": "909000068.png"
  },
  {
    "name": "XM8 Max",
    "id": "909000085",
    "image": "909000085.png"
  },
  {
    "name": "M10 Max",
    "id": "909000081",
    "image": "909000081.png"
  },
  {
    "name": "Famasa Max",
    "id": "909000090",
    "image": "909000090.png"
  },
  {
    "name": "UMP Max",
    "id": "909000098",
    "image": "909000098.png"
  },
  {
    "name": "New M40 Max",
    "id": "909040010",
    "image": "909040010.png"
  },
  {
    "name": "Parafal Max",
    "id": "909045001",
    "image": "909045001.png"
  },
  {
    "name": "WD Picker Max",
    "id": "909042008",
    "image": "909042008.png"
  },
  {
    "name": "Open Fire",
    "id": "909049012",
    "image": "909049012.png"
  },
  {
    "name": "\"100\" Gloo Sculpture",
    "id": "909042007",
    "image": "909042007.png"
  },
  {
    "name": "LOL",
    "id": "909000002",
    "image": "909000002.png"
  },
  {
    "name": "Provoke",
    "id": "909000003",
    "image": "909000003.png"
  },
  {
    "name": "Flowers of Love",
    "id": "909000010",
    "image": "909000010.png"
  },
  {
    "name": "FFWC Throne",
    "id": "909000014",
    "image": "909000014.png"
  },
  {
    "name": "Selfie",
    "id": "909000032",
    "image": "909000032.png"
  },
  {
    "name": "Pirate's Flag",
    "id": "909000034",
    "image": "909000034.png"
  },
  {
    "name": "Top DJ",
    "id": "909000036",
    "image": "909000036.png"
  },
  {
    "name": "Power of money",
    "id": "909000038",
    "image": "909000038.png"
  },
  {
    "name": "Eat my dust",
    "id": "909000039",
    "image": "909000039.png"
  },
  {
    "name": "Kongfu",
    "id": "909000041",
    "image": "909000041.png"
  },
  {
    "name": "I heart you",
    "id": "909000045",
    "image": "909000045.png"
  },
  {
    "name": "Tea Time",
    "id": "909000046",
    "image": "909000046.png"
  },
  {
    "name": "Doggie",
    "id": "909000052",
    "image": "909000052.png"
  },
  {
    "name": "I'm Rich!",
    "id": "909000055",
    "image": "909000055.png"
  },
  {
    "name": "Make It Rain",
    "id": "909000056",
    "image": "909000056.png"
  },
  {
    "name": "Dust Off",
    "id": "909000057",
    "image": "909000057.png"
  },
  {
    "name": "Captain Booyah",
    "id": "909000058",
    "image": "909000058.png"
  },
  {
    "name": "BOOYAH!",
    "id": "909000060",
    "image": "909000060.png"
  },
  {
    "name": "Bhangra",
    "id": "909000061",
    "image": "909000061.png"
  },
  {
    "name": "Piece of Cake",
    "id": "909000062",
    "image": "909000062.png"
  },
  {
    "name": "I'm Saitama!",
    "id": "909000064",
    "image": "909000064.png"
  },
  {
    "name": "The Victor",
    "id": "909000065",
    "image": "909000065.png"
  },
  {
    "name": "Sii!",
    "id": "909000066",
    "image": "909000066.png"
  },
  {
    "name": "Obliteration",
    "id": "909000067",
    "image": "909000067.png"
  },
  {
    "name": "Top Scorer",
    "id": "909000069",
    "image": "909000069.png"
  },
  {
    "name": "Triple Kicks",
    "id": "909000070",
    "image": "909000070.png"
  },
  {
    "name": "Cobra Dance",
    "id": "909000071",
    "image": "909000071.png"
  },
  {
    "name": "Predator Pulse",
    "id": "909000072",
    "image": "909000072.png"
  },
  {
    "name": "Ground Punch",
    "id": "909000073",
    "image": "909000073.png"
  },
  {
    "name": "The Biker",
    "id": "909000074",
    "image": "909000074.png"
  },
  {
    "name": "One-Finger Pushup",
    "id": "909000076",
    "image": "909000076.png"
  },
  {
    "name": "Stage Time",
    "id": "909000077",
    "image": "909000077.png"
  },
  {
    "name": "Booyah! Balloon",
    "id": "909000078",
    "image": "909000078.png"
  },
  {
    "name": "More Practice",
    "id": "909000079",
    "image": "909000079.png"
  },
  {
    "name": "FFWS 2021",
    "id": "909000080",
    "image": "909000080.png"
  },
  {
    "name": "Mythos Four",
    "id": "909000086",
    "image": "909000086.png"
  },
  {
    "name": "Champion Grab",
    "id": "909000087",
    "image": "909000087.png"
  },
  {
    "name": "Win and Chill",
    "id": "909000088",
    "image": "909000088.png"
  },
  {
    "name": "Hadouken",
    "id": "909000089",
    "image": "909000089.png"
  },
  {
    "name": "Big Smash",
    "id": "909000091",
    "image": "909000091.png"
  },
  {
    "name": "All In Control",
    "id": "909000093",
    "image": "909000093.png"
  },
  {
    "name": "Debugging",
    "id": "909000094",
    "image": "909000094.png"
  },
  {
    "name": "Waggor Wave",
    "id": "909000095",
    "image": "909000095.png"
  },
  {
    "name": "Crazy Guitar",
    "id": "909000096",
    "image": "909000096.png"
  },
  {
    "name": "Dribble King",
    "id": "909000121",
    "image": "909000121.png"
  },
  {
    "name": "Name Not Found",
    "id": "909000122",
    "image": "909000122.png"
  },
  {
    "name": "Mind it!",
    "id": "909000123",
    "image": "909000123.png"
  },
  {
    "name": "Golden Combo",
    "id": "909000124",
    "image": "909000124.png"
  },
  {
    "name": "Sick Moves",
    "id": "909000125",
    "image": "909000125.png"
  },
  {
    "name": "Ruler's Flag",
    "id": "909000128",
    "image": "909000128.png"
  },
  {
    "name": "Money Throw",
    "id": "909000129",
    "image": "909000129.png"
  },
  {
    "name": "Endless Bullets",
    "id": "909000130",
    "image": "909000130.png"
  },
  {
    "name": "Fire Slam",
    "id": "909000133",
    "image": "909000133.png"
  },
  {
    "name": "Heartbroken",
    "id": "909000134",
    "image": "909000134.png"
  },
  {
    "name": "Rock Paper Scissors",
    "id": "909000135",
    "image": "909000135.png"
  },
  {
    "name": "Shattered Reality",
    "id": "909000136",
    "image": "909000136.png"
  },
  {
    "name": "Halo of Music",
    "id": "909000137",
    "image": "909000137.png"
  },
  {
    "name": "Burnt BBQ",
    "id": "909000138",
    "image": "909000138.png"
  },
  {
    "name": "Switching Steps",
    "id": "909000139",
    "image": "909000139.png"
  },
  {
    "name": "Creed Slay",
    "id": "909000140",
    "image": "909000140.png"
  },
  {
    "name": "Leap of Fail",
    "id": "909000141",
    "image": "909000141.png"
  },
  {
    "name": "Name Not Found",
    "id": "909000142",
    "image": "909000142.png"
  },
  {
    "name": "Helicopter Shot",
    "id": "909000143",
    "image": "909000143.png"
  },
  {
    "name": "Kungfu Tigers",
    "id": "909000144",
    "image": "909000144.png"
  },
  {
    "name": "Possessed Warrior",
    "id": "909000145",
    "image": "909000145.png"
  },
  {
    "name": "Fireborn",
    "id": "909033001",
    "image": "909033001.png"
  },
  {
    "name": "Golden Feather",
    "id": "909033002",
    "image": "909033002.png"
  },
  {
    "name": "Drop Kick",
    "id": "909033004",
    "image": "909033004.png"
  },
  {
    "name": "Sit Down!",
    "id": "909033005",
    "image": "909033005.png"
  },
  {
    "name": "BOOYAH Sparks",
    "id": "909033006",
    "image": "909033006.png"
  },
  {
    "name": "The FFWS Dance",
    "id": "909033007",
    "image": "909033007.png"
  },
  {
    "name": "Easy Peasy",
    "id": "909033008",
    "image": "909033008.png"
  },
  {
    "name": "Winner Throw",
    "id": "909033009",
    "image": "909033009.png"
  },
  {
    "name": "Weight of Victory",
    "id": "909033010",
    "image": "909033010.png"
  },
  {
    "name": "Chronicle of the Sword",
    "id": "909034001",
    "image": "909034001.png"
  },
  {
    "name": "The Collapse",
    "id": "909034002",
    "image": "909034002.png"
  },
  {
    "name": "Flaming Groove",
    "id": "909034003",
    "image": "909034003.png"
  },
  {
    "name": "Energetic",
    "id": "909034004",
    "image": "909034004.png"
  },
  {
    "name": "Ridicule",
    "id": "909034005",
    "image": "909034005.png"
  },
  {
    "name": "Tease Waggor",
    "id": "909034006",
    "image": "909034006.png"
  },
  {
    "name": "Great Conductor",
    "id": "909034007",
    "image": "909034007.png"
  },
  {
    "name": "Fake Death",
    "id": "909034008",
    "image": "909034008.png"
  },
  {
    "name": "Twerk",
    "id": "909034009",
    "image": "909034009.png"
  },
  {
    "name": "BR-Ranked Heroic Emote",
    "id": "909034010",
    "image": "909034010.png"
  },
  {
    "name": "BR-Ranked Master Emote",
    "id": "909034011",
    "image": "909034011.png"
  },
  {
    "name": "CS-Ranked Heroic Emote",
    "id": "909034012",
    "image": "909034012.png"
  },
  {
    "name": "CS-Ranked Master Emote",
    "id": "909034013",
    "image": "909034013.png"
  },
  {
    "name": "Yes, I do",
    "id": "909034014",
    "image": "909034014.png"
  },
  {
    "name": "Free Money!",
    "id": "909035001",
    "image": "909035001.png"
  },
  {
    "name": "Victorious Eagle",
    "id": "909035005",
    "image": "909035005.png"
  },
  {
    "name": "Flying Saucer",
    "id": "909035006",
    "image": "909035006.png"
  },
  {
    "name": "Bobble Dance",
    "id": "909035008",
    "image": "909035008.png"
  },
  {
    "name": "Weight Training",
    "id": "909035009",
    "image": "909035009.png"
  },
  {
    "name": "Beautiful Love",
    "id": "909035010",
    "image": "909035010.png"
  },
  {
    "name": "Groove Moves",
    "id": "909035011",
    "image": "909035011.png"
  },
  {
    "name": "Howler's Rage",
    "id": "909035012",
    "image": "909035012.png"
  },
  {
    "name": "Louder Please",
    "id": "909035013",
    "image": "909035013.png"
  },
  {
    "name": "Ninja Stand",
    "id": "909035014",
    "image": "909035014.png"
  },
  {
    "name": "Creator In Action",
    "id": "909035015",
    "image": "909035015.png"
  },
  {
    "name": "Ghost Float",
    "id": "909036001",
    "image": "909036001.png"
  },
  {
    "name": "Shiba Surf",
    "id": "909036002",
    "image": "909036002.png"
  },
  {
    "name": "Waiter Walk",
    "id": "909036003",
    "image": "909036003.png"
  },
  {
    "name": "Graffiti Cameraman",
    "id": "909036004",
    "image": "909036004.png"
  },
  {
    "name": "Agile Boxer",
    "id": "909036005",
    "image": "909036005.png"
  },
  {
    "name": "Sunbathing",
    "id": "909036006",
    "image": "909036006.png"
  },
  {
    "name": "Skateboard Swag",
    "id": "909036008",
    "image": "909036008.png"
  },
  {
    "name": "Phantom Tamer",
    "id": "909036009",
    "image": "909036009.png"
  },
  {
    "name": "The Signal",
    "id": "909036010",
    "image": "909036010.png"
  },
  {
    "name": "Eternal Descent",
    "id": "909036011",
    "image": "909036011.png"
  },
  {
    "name": "Swaggy Dance",
    "id": "909036012",
    "image": "909036012.png"
  },
  {
    "name": "Admire",
    "id": "909036014",
    "image": "909036014.png"
  },
  {
    "name": "Reindeer Float",
    "id": "909037001",
    "image": "909037001.png"
  },
  {
    "name": "Bamboo Dance",
    "id": "909037002",
    "image": "909037002.png"
  },
  {
    "name": "Dance of Constellation",
    "id": "909037003",
    "image": "909037003.png"
  },
  {
    "name": "Trophy Grab",
    "id": "909037004",
    "image": "909037004.png"
  },
  {
    "name": "Starry Hands",
    "id": "909037005",
    "image": "909037005.png"
  },
  {
    "name": "Yum",
    "id": "909037006",
    "image": "909037006.png"
  },
  {
    "name": "Happy Dancing",
    "id": "909037007",
    "image": "909037007.png"
  },
  {
    "name": "Juggle",
    "id": "909037008",
    "image": "909037008.png"
  },
  {
    "name": "Neon Sign",
    "id": "909037009",
    "image": "909037009.png"
  },
  {
    "name": "Beast Tease",
    "id": "909037010",
    "image": "909037010.png"
  },
  {
    "name": "Drachen Tear",
    "id": "909037011",
    "image": "909037011.png"
  },
  {
    "name": "Clap Dance",
    "id": "909037012",
    "image": "909037012.png"
  },
  {
    "name": "The Influencer",
    "id": "909038001",
    "image": "909038001.png"
  },
  {
    "name": "Name Not Found",
    "id": "909038002",
    "image": "909038002.png"
  },
  {
    "name": "Techno Blast",
    "id": "909038003",
    "image": "909038003.png"
  },
  {
    "name": "Be My Valentine",
    "id": "909038004",
    "image": "909038004.png"
  },
  {
    "name": "Angry Walk",
    "id": "909038005",
    "image": "909038005.png"
  },
  {
    "name": "Make Some Noise",
    "id": "909038006",
    "image": "909038006.png"
  },
  {
    "name": "Croco Hooray",
    "id": "909038008",
    "image": "909038008.png"
  },
  {
    "name": "Scorpio Spin",
    "id": "909038009",
    "image": "909038009.png"
  },
  {
    "name": "Cinder Summon",
    "id": "909038010",
    "image": "909038010.png"
  },
  {
    "name": "Shall We Dance?",
    "id": "909038011",
    "image": "909038011.png"
  },
  {
    "name": "Achiever Flip",
    "id": "909038012",
    "image": "909038012.png"
  },
  {
    "name": "Spin Master",
    "id": "909038013",
    "image": "909038013.png"
  },
  {
    "name": "Festival Celebration",
    "id": "909039001",
    "image": "909039001.png"
  },
  {
    "name": "Artistic Musical Dance",
    "id": "909039002",
    "image": "909039002.png"
  },
  {
    "name": "Forward, Backward",
    "id": "909039003",
    "image": "909039003.png"
  },
  {
    "name": "Scorpion Friend",
    "id": "909039004",
    "image": "909039004.png"
  },
  {
    "name": "Aching Power",
    "id": "909039005",
    "image": "909039005.png"
  },
  {
    "name": "Earthly Force",
    "id": "909039006",
    "image": "909039006.png"
  },
  {
    "name": "Grenade Magic",
    "id": "909039007",
    "image": "909039007.png"
  },
  {
    "name": "Oh Yeah!",
    "id": "909039008",
    "image": "909039008.png"
  },
  {
    "name": "Grace On Wheels",
    "id": "909039009",
    "image": "909039009.png"
  },
  {
    "name": "Flex",
    "id": "909039010",
    "image": "909039010.png"
  },
  {
    "name": "Crimson Doom",
    "id": "909039011",
    "image": "909039011.png"
  },
  {
    "name": "Fire Beast Tamer",
    "id": "909039012",
    "image": "909039012.png"
  },
  {
    "name": "Crimson Tunes",
    "id": "909039013",
    "image": "909039013.png"
  },
  {
    "name": "Swaggy V-Steps",
    "id": "909039014",
    "image": "909039014.png"
  },
  {
    "name": "The Chromatic Finish",
    "id": "909040001",
    "image": "909040001.png"
  },
  {
    "name": "Smash the Feather",
    "id": "909040002",
    "image": "909040002.png"
  },
  {
    "name": "Sonorous Steps",
    "id": "909040003",
    "image": "909040003.png"
  },
  {
    "name": "Fishing for Wisdom",
    "id": "909040004",
    "image": "909040004.png"
  },
  {
    "name": "Chromatic Pop Dance",
    "id": "909040005",
    "image": "909040005.png"
  },
  {
    "name": "Chroma Twist Twist",
    "id": "909040006",
    "image": "909040006.png"
  },
  {
    "name": "Birth of Justice",
    "id": "909040008",
    "image": "909040008.png"
  },
  {
    "name": "Spider-Sense",
    "id": "909040009",
    "image": "909040009.png"
  },
  {
    "name": "Play With Thunderbolt",
    "id": "909040011",
    "image": "909040011.png"
  },
  {
    "name": "6th Anniversary Celebration",
    "id": "909040012",
    "image": "909040012.png"
  },
  {
    "name": "Wisdom Swing",
    "id": "909040013",
    "image": "909040013.png"
  },
  {
    "name": "Helicopter Shot",
    "id": "909040014",
    "image": "909040014.png"
  },
  {
    "name": "Thunder Breathing First Form: Thunder Flash",
    "id": "909041001",
    "image": "909041001.png"
  },
  {
    "name": "Water Breathing Sixth Form: Whirlpool",
    "id": "909041002",
    "image": "909041002.png"
  },
  {
    "name": "Beast Breathing Fifth Fang: Crazy Cutting",
    "id": "909041003",
    "image": "909041003.png"
  },
  {
    "name": "Flying Ink Sword",
    "id": "909041004",
    "image": "909041004.png"
  },
  {
    "name": "Diz My Popblaster",
    "id": "909041005",
    "image": "909041005.png"
  },
  {
    "name": "Dance Puppet, Dance!",
    "id": "909041006",
    "image": "909041006.png"
  },
  {
    "name": "High Knees",
    "id": "909041007",
    "image": "909041007.png"
  },
  {
    "name": "Bony Fumes",
    "id": "909041008",
    "image": "909041008.png"
  },
  {
    "name": "Feel the Electricity",
    "id": "909041009",
    "image": "909041009.png"
  },
  {
    "name": "Whac-A-Cotton",
    "id": "909041010",
    "image": "909041010.png"
  },
  {
    "name": "Honorable Mention Emote",
    "id": "909041011",
    "image": "909041011.png"
  },
  {
    "name": "BR-Ranked Grandmaster Emote",
    "id": "909041012",
    "image": "909041012.png"
  },
  {
    "name": "CS-Ranked Grandmaster Emote",
    "id": "909041013",
    "image": "909041013.png"
  },
  {
    "name": "Monster Clubbing",
    "id": "909041014",
    "image": "909041014.png"
  },
  {
    "name": "Basudara Dance",
    "id": "909041015",
    "image": "909041015.png"
  },
  {
    "name": "Stir-Fry Frostfire",
    "id": "909042001",
    "image": "909042001.png"
  },
  {
    "name": "Money Rain",
    "id": "909042002",
    "image": "909042002.png"
  },
  {
    "name": "Frostfire's Calling",
    "id": "909042003",
    "image": "909042003.png"
  },
  {
    "name": "Stomping Foot",
    "id": "909042004",
    "image": "909042004.png"
  },
  {
    "name": "This Way",
    "id": "909042005",
    "image": "909042005.png"
  },
  {
    "name": "Excellent Service",
    "id": "909042006",
    "image": "909042006.png"
  },
  {
    "name": "Celebration Schuss",
    "id": "909042009",
    "image": "909042009.png"
  },
  {
    "name": "Dawn Voyage Emote",
    "id": "909042011",
    "image": "909042011.png"
  },
  {
    "name": "Lamborghini Ride",
    "id": "909042012",
    "image": "909042012.png"
  },
  {
    "name": "Hello! Frostfire Style",
    "id": "909042013",
    "image": "909042013.png"
  },
  {
    "name": "Hand Grooves",
    "id": "909042016",
    "image": "909042016.png"
  },
  {
    "name": "Free Fire Toiletman",
    "id": "909042017",
    "image": "909042017.png"
  },
  {
    "name": "Kemusan",
    "id": "909042018",
    "image": "909042018.png"
  },
  {
    "name": "Ribbit Rider",
    "id": "909043001",
    "image": "909043001.png"
  },
  {
    "name": "Inner Self Mastery",
    "id": "909043002",
    "image": "909043002.png"
  },
  {
    "name": "Emperor's Treasure Machine",
    "id": "909043003",
    "image": "909043003.png"
  },
  {
    "name": "Why So Chaos?",
    "id": "909043004",
    "image": "909043004.png"
  },
  {
    "name": "Huge Feast",
    "id": "909043005",
    "image": "909043005.png"
  },
  {
    "name": "Color Burst",
    "id": "909043006",
    "image": "909043006.png"
  },
  {
    "name": "Dragon Swipe",
    "id": "909043007",
    "image": "909043007.png"
  },
  {
    "name": "Samba",
    "id": "909043008",
    "image": "909043008.png"
  },
  {
    "name": "Speed Summon",
    "id": "909043009",
    "image": "909043009.png"
  },
  {
    "name": "What a Match",
    "id": "909043010",
    "image": "909043010.png"
  },
  {
    "name": "What a Pair",
    "id": "909043013",
    "image": "909043013.png"
  },
  {
    "name": "Byte Mounting",
    "id": "909044001",
    "image": "909044001.png"
  },
  {
    "name": "The Unicyclist",
    "id": "909044002",
    "image": "909044002.png"
  },
  {
    "name": "Basket Rafting",
    "id": "909044003",
    "image": "909044003.png"
  },
  {
    "name": "Happy Lamb Shouldering",
    "id": "909044004",
    "image": "909044004.png"
  },
  {
    "name": "Paradox of Enlightenment",
    "id": "909044005",
    "image": "909044005.png"
  },
  {
    "name": "Harmonious Paradox",
    "id": "909044006",
    "image": "909044006.png"
  },
  {
    "name": "Raise Your Thumb!",
    "id": "909044007",
    "image": "909044007.png"
  },
  {
    "name": "The Final Paradox",
    "id": "909044015",
    "image": "909044015.png"
  },
  {
    "name": "Honk Up!",
    "id": "909044016",
    "image": "909044016.png"
  },
  {
    "name": "Spring Rocker",
    "id": "909045002",
    "image": "909045002.png"
  },
  {
    "name": "Giddy Up!",
    "id": "909045003",
    "image": "909045003.png"
  },
  {
    "name": "The Goosy Dance",
    "id": "909045004",
    "image": "909045004.png"
  },
  {
    "name": "Captain Victor",
    "id": "909045005",
    "image": "909045005.png"
  },
  {
    "name": "A Flower Salute",
    "id": "909045010",
    "image": "909045010.png"
  },
  {
    "name": "Little Foxy Run",
    "id": "909045011",
    "image": "909045011.png"
  },
  {
    "name": "Mr. Waggor's Seesaw",
    "id": "909045012",
    "image": "909045012.png"
  },
  {
    "name": "Floating Meditation",
    "id": "909045015",
    "image": "909045015.png"
  },
  {
    "name": "Naatu Naatu",
    "id": "909045016",
    "image": "909045016.png"
  },
  {
    "name": "Champion's Walk",
    "id": "909045017",
    "image": "909045017.png"
  },
  {
    "name": "Aura Boarder",
    "id": "909046001",
    "image": "909046001.png"
  },
  {
    "name": "Who's the Booyah Champ!",
    "id": "909046002",
    "image": "909046002.png"
  },
  {
    "name": "Controlled Combustion",
    "id": "909046003",
    "image": "909046003.png"
  },
  {
    "name": "Cheers to Victory!",
    "id": "909046004",
    "image": "909046004.png"
  },
  {
    "name": "Shoe Shining",
    "id": "909046005",
    "image": "909046005.png"
  },
  {
    "name": "Gunspinning",
    "id": "909046006",
    "image": "909046006.png"
  },
  {
    "name": "Crowd Pleaser",
    "id": "909046007",
    "image": "909046007.png"
  },
  {
    "name": "No Sweat",
    "id": "909046008",
    "image": "909046008.png"
  },
  {
    "name": "Magma Quake",
    "id": "909046009",
    "image": "909046009.png"
  },
  {
    "name": "Max Firepower",
    "id": "909046010",
    "image": "909046010.png"
  },
  {
    "name": "Can't Touch This",
    "id": "909046011",
    "image": "909046011.png"
  },
  {
    "name": "Firestarter",
    "id": "909046012",
    "image": "909046012.png"
  },
  {
    "name": "FFWS Flag Flair",
    "id": "909046013",
    "image": "909046013.png"
  },
  {
    "name": "Beat Drop",
    "id": "909046014",
    "image": "909046014.png"
  },
  {
    "name": "Isagi's Spatial Awareness",
    "id": "909046015",
    "image": "909046015.png"
  },
  {
    "name": "Nagi's Trapping",
    "id": "909046016",
    "image": "909046016.png"
  },
  {
    "name": "Soaring Up",
    "id": "909046017",
    "image": "909046017.png"
  },
  {
    "name": "I Won't Bow Down",
    "id": "909047001",
    "image": "909047001.png"
  },
  {
    "name": "Aurora Iridescence",
    "id": "909047002",
    "image": "909047002.png"
  },
  {
    "name": "Couch For Two",
    "id": "909047003",
    "image": "909047003.png"
  },
  {
    "name": "Flutter Dash",
    "id": "909047004",
    "image": "909047004.png"
  },
  {
    "name": "Slippery Throne",
    "id": "909047005",
    "image": "909047005.png"
  },
  {
    "name": "Acceptance Speech",
    "id": "909047006",
    "image": "909047006.png"
  },
  {
    "name": "Love Me, Love Me Not",
    "id": "909047007",
    "image": "909047007.png"
  },
  {
    "name": "Scissor Savvy",
    "id": "909047008",
    "image": "909047008.png"
  },
  {
    "name": "The Thinker",
    "id": "909047009",
    "image": "909047009.png"
  },
  {
    "name": "JKT48 No.1",
    "id": "909047012",
    "image": "909047012.png"
  },
  {
    "name": "Rasengan",
    "id": "909047015",
    "image": "909047015.png"
  },
  {
    "name": "Clone Jutsu",
    "id": "909047019",
    "image": "909047019.png"
  },
  {
    "name": "To the Rescue",
    "id": "909048001",
    "image": "909048001.png"
  },
  {
    "name": "Midnight Peruse",
    "id": "909048002",
    "image": "909048002.png"
  },
  {
    "name": "Guitar Groove",
    "id": "909048003",
    "image": "909048003.png"
  },
  {
    "name": "Keyboard Player",
    "id": "909048004",
    "image": "909048004.png"
  },
  {
    "name": "On Drums",
    "id": "909048005",
    "image": "909048005.png"
  },
  {
    "name": "Chac-Chac",
    "id": "909048006",
    "image": "909048006.png"
  },
  {
    "name": "Pillow Fight",
    "id": "909048007",
    "image": "909048007.png"
  },
  {
    "name": "Goofy Camel",
    "id": "909048009",
    "image": "909048009.png"
  },
  {
    "name": "Hit a Six!",
    "id": "909048010",
    "image": "909048010.png"
  },
  {
    "name": "Flag Summon",
    "id": "909048011",
    "image": "909048011.png"
  },
  {
    "name": "Slurp slurp!",
    "id": "909048014",
    "image": "909048014.png"
  },
  {
    "name": "Sketching",
    "id": "909048015",
    "image": "909048015.png"
  },
  {
    "name": "Half-Time Chilling",
    "id": "909048016",
    "image": "909048016.png"
  },
  {
    "name": "Throw-In",
    "id": "909048017",
    "image": "909048017.png"
  },
  {
    "name": "Nailoong Time!",
    "id": "909049001",
    "image": "909049001.png"
  },
  {
    "name": "Hand Raise",
    "id": "909049002",
    "image": "909049002.png"
  },
  {
    "name": "Kick It Up",
    "id": "909049003",
    "image": "909049003.png"
  },
  {
    "name": "Creation Days",
    "id": "909049006",
    "image": "909049006.png"
  },
  {
    "name": "Raining Coins",
    "id": "909049007",
    "image": "909049007.png"
  },
  {
    "name": "Clap Clap Hooray",
    "id": "909049008",
    "image": "909049008.png"
  },
  {
    "name": "Infinite Loops",
    "id": "909049009",
    "image": "909049009.png"
  },
  {
    "name": "P90 Surfer",
    "id": "909049010",
    "image": "909049010.png"
  },
  {
    "name": "Boxing Machine",
    "id": "909049011",
    "image": "909049011.png"
  },
  {
    "name": "Comic Barf",
    "id": "909049013",
    "image": "909049013.png"
  },
  {
    "name": "Spear Spin",
    "id": "909049016",
    "image": "909049016.png"
  },
  {
    "name": "Flag Wave",
    "id": "909049017",
    "image": "909049017.png"
  },
  {
    "name": "Disco Dazzle",
    "id": "909049018",
    "image": "909049018.png"
  },
  {
    "name": "Reanimation Jutsu",
    "id": "909050002",
    "image": "909050002.png"
  },
  {
    "name": "The Final Battle",
    "id": "909050003",
    "image": "909050003.png"
  },
  {
    "name": "Fire Style: Fireball Jutsu",
    "id": "909050005",
    "image": "909050005.png"
  },
  {
    "name": "Flying Raijin Jutsu",
    "id": "909050006",
    "image": "909050006.png"
  },
  {
    "name": "Hammer Slam",
    "id": "909050008",
    "image": "909050008.png"
  },
  {
    "name": "The Rings",
    "id": "909050009",
    "image": "909050009.png"
  },
  {
    "name": "Drum Twirl",
    "id": "909050010",
    "image": "909050010.png"
  },
  {
    "name": "Bunny Action",
    "id": "909050011",
    "image": "909050011.png"
  },
  {
    "name": "Broom Swoosh",
    "id": "909050012",
    "image": "909050012.png"
  },
  {
    "name": "Blade from Heart",
    "id": "909050013",
    "image": "909050013.png"
  },
  {
    "name": "Bunny Wiggle",
    "id": "909050017",
    "image": "909050017.png"
  },
  {
    "name": "Flaming Heart",
    "id": "909050018",
    "image": "909050018.png"
  },
  {
    "name": "Rain or Shine",
    "id": "909050019",
    "image": "909050019.png"
  },
  {
    "name": "Sholay",
    "id": "909050020",
    "image": "909050020.png"
  },
  {
    "name": "Peak Points",
    "id": "909050021",
    "image": "909050021.png"
  },
  {
    "name": "Boat Race Aura",
    "id": "909050027",
    "image": "909050027.png"
  },
  {
    "name": "Boat Race Rowing",
    "id": "909050028",
    "image": "909050028.png"
  },
  {
    "name": "Prismatic Flight",
    "id": "909051001",
    "image": "909051001.png"
  },
  {
    "name": "Name Not Found",
    "id": "909051002",
    "image": "909051002.png"
  },
  {
    "name": "Name Not Found",
    "id": "909051003",
    "image": "909051003.png"
  },
  {
    "name": "Shower Time",
    "id": "909051004",
    "image": "909051004.png"
  },
  {
    "name": "On Motorbike",
    "id": "909051010",
    "image": "909051010.png"
  },
  {
    "name": "Celestial Shot",
    "id": "909051012",
    "image": "909051012.png"
  },
  {
    "name": "Red Petals",
    "id": "909051013",
    "image": "909051013.png"
  }
]